[{"@type":"dssTask","id":"@1","name":"sync_DEPARTMENTS","description":"","maxLogs":10,"sourceConnectionId":"@4rA0WNtXVIvg4PVmIN75md","targetConnectionId":"@9v8AHZo9FcMlsTS1iWfZiY","targetObject":"DEPARTMENTS","targetObjectLabel":"DEPARTMENTS","operation":"Insert","maxRows":0,"truncateTarget":false,"bulkApiDBTarget":false,"verbose":false,"targetMetadataUpdated":false,"modelVersion":"V3-R600","queryAll":false,"srcSettings":{"@type":"taskDataSourceSetting","isShowLabels":false,"isNaturalOrder":true},"tgtSettings":{"@type":"taskDataSourceSetting","isShowLabels":false,"isNaturalOrder":true},"cfSettings":{"@type":"taskDataSourceSetting","isShowLabels":false,"isNaturalOrder":false},"bulkApi":false,"bulkApiSerialMode":false,"bulkApiMonitor":false,"isTargetObjectSfCustom":false,"allowNullUpdates":false,"targetBatchSize":200,"assignmentRuleId":"-1","assignmentRuleType":"None","createSuccessFile":false,"bulkApiHardDelete":false,"srcRuntimeAttrs":{"@type":"taskRuntimeAttrs","attrs":{}},"tgtRuntimeAttrs":{"@type":"taskRuntimeAttrs","attrs":{}},"parameterFileEncoding":"UTF-8","serverlessProperties":{},"sourceObjects":[{"@type":"mObject","name":"DEPARTMENTS","label":"DEPARTMENTS","metadataUpdated":false,"relations":[],"children":[]}],"advancedFilters":[],"filters":[{"@type":"filter","objectName":"DEPARTMENTS","objectLabel":"DEPARTMENTS","field":"DEPARTMENT_ID","fieldLabel":"DEPARTMENT_ID","type":"DOUBLE","operator":"isNotNull"}],"fieldMaps":[{"@type":"fieldMap","id":"4284757","targetField":{"@type":"field","id":15804918,"name":"DEPARTMENT_ID","type":"decimal","uniqueName":"DEPARTMENT_ID","label":"DEPARTMENT_ID","parentObject":"DEPARTMENTS","pcType":"HIPRECDECIMAL","precision":4,"scale":0,"columnIndex":0,"isKey":false,"isExternalId":false,"isSfIdLookup":false,"isNullable":true,"isUnique":false,"isCreateable":false,"isUpdateable":true,"isFilterable":true,"isCalculated":false,"showLabel":false,"naturalOrder":0,"linkedFields":["DEPARTMENT_ID"],"relatedInfos":[],"references":[]},"expression":"DEPARTMENT_ID"},{"@type":"fieldMap","id":"4284758","targetField":{"@type":"field","id":15804919,"name":"DEPARTMENT_NAME","type":"nvarchar","uniqueName":"DEPARTMENT_NAME","label":"DEPARTMENT_NAME","parentObject":"DEPARTMENTS","pcType":"UNISTRING","precision":30,"scale":0,"columnIndex":1,"isKey":false,"isExternalId":false,"isSfIdLookup":false,"isNullable":false,"isUnique":false,"isCreateable":false,"isUpdateable":true,"isFilterable":true,"isCalculated":false,"showLabel":false,"naturalOrder":1,"linkedFields":["DEPARTMENT_NAME"],"relatedInfos":[],"references":[]},"expression":"DEPARTMENT_NAME"},{"@type":"fieldMap","id":"4284759","targetField":{"@type":"field","id":15804920,"name":"MANAGER_ID","type":"decimal","uniqueName":"MANAGER_ID","label":"MANAGER_ID","parentObject":"DEPARTMENTS","pcType":"HIPRECDECIMAL","precision":6,"scale":0,"columnIndex":2,"isKey":false,"isExternalId":false,"isSfIdLookup":false,"isNullable":true,"isUnique":false,"isCreateable":false,"isUpdateable":true,"isFilterable":true,"isCalculated":false,"showLabel":false,"naturalOrder":2,"linkedFields":["MANAGER_ID"],"relatedInfos":[],"references":[]},"expression":"MANAGER_ID"},{"@type":"fieldMap","id":"4284760","targetField":{"@type":"field","id":15804921,"name":"LOCATION_ID","type":"decimal","uniqueName":"LOCATION_ID","label":"LOCATION_ID","parentObject":"DEPARTMENTS","pcType":"HIPRECDECIMAL","precision":4,"scale":0,"columnIndex":3,"isKey":false,"isExternalId":false,"isSfIdLookup":false,"isNullable":true,"isUnique":false,"isCreateable":false,"isUpdateable":true,"isFilterable":true,"isCalculated":false,"showLabel":false,"naturalOrder":3,"linkedFields":["LOCATION_ID"],"relatedInfos":[],"references":[]},"expression":"LOCATION_ID"}],"sourceFields":[{"@type":"field","id":15804922,"name":"DEPARTMENT_ID","type":"decimal","uniqueName":"DEPARTMENT_ID","label":"DEPARTMENT_ID","parentObject":"DEPARTMENTS","pcType":"HIPRECDECIMAL","precision":4,"scale":0,"columnIndex":0,"isKey":true,"isExternalId":false,"isSfIdLookup":false,"isNullable":false,"isUnique":true,"isCreateable":false,"isUpdateable":true,"isFilterable":true,"isCalculated":false,"showLabel":false,"naturalOrder":0,"linkedFields":["DEPARTMENT_ID"],"relatedInfos":[{"@type":"fieldRelatedInfo","id":1074474,"referenceObject":"EMPLOYEES","referenceField":{"@type":"field","id":15804923,"name":"DEPARTMENT_ID","uniqueName":"DEPARTMENT_ID","label":"DEPARTMENT_ID","precision":0,"scale":0,"columnIndex":-1,"isKey":false,"isExternalId":false,"isSfIdLookup":false,"isNullable":true,"isUnique":false,"isCreateable":false,"isUpdateable":true,"isFilterable":true,"isCalculated":false,"showLabel":true,"naturalOrder":0,"linkedFields":[],"relatedInfos":[],"references":[]}},{"@type":"fieldRelatedInfo","id":1074475,"referenceObject":"JOB_HISTORY","referenceField":{"@type":"field","id":15804924,"name":"DEPARTMENT_ID","uniqueName":"DEPARTMENT_ID","label":"DEPARTMENT_ID","precision":0,"scale":0,"columnIndex":-1,"isKey":false,"isExternalId":false,"isSfIdLookup":false,"isNullable":true,"isUnique":false,"isCreateable":false,"isUpdateable":true,"isFilterable":true,"isCalculated":false,"showLabel":true,"naturalOrder":0,"linkedFields":[],"relatedInfos":[],"references":[]}}],"references":[]},{"@type":"field","id":15804925,"name":"DEPARTMENT_NAME","type":"nvarchar","uniqueName":"DEPARTMENT_NAME","label":"DEPARTMENT_NAME","parentObject":"DEPARTMENTS","pcType":"UNISTRING","precision":30,"scale":0,"columnIndex":1,"isKey":false,"isExternalId":false,"isSfIdLookup":false,"isNullable":false,"isUnique":false,"isCreateable":false,"isUpdateable":true,"isFilterable":true,"isCalculated":false,"showLabel":false,"naturalOrder":1,"linkedFields":["DEPARTMENT_NAME"],"relatedInfos":[],"references":[]},{"@type":"field","id":15804926,"name":"MANAGER_ID","type":"decimal","uniqueName":"MANAGER_ID","label":"MANAGER_ID","parentObject":"DEPARTMENTS","pcType":"HIPRECDECIMAL","precision":6,"scale":0,"columnIndex":2,"isKey":false,"isExternalId":false,"isSfIdLookup":false,"isNullable":true,"isUnique":false,"isCreateable":false,"isUpdateable":true,"isFilterable":true,"isCalculated":false,"showLabel":false,"naturalOrder":2,"linkedFields":["MANAGER_ID"],"relatedInfos":[],"references":[]},{"@type":"field","id":15804927,"name":"LOCATION_ID","type":"decimal","uniqueName":"LOCATION_ID","label":"LOCATION_ID","parentObject":"DEPARTMENTS","pcType":"HIPRECDECIMAL","precision":4,"scale":0,"columnIndex":3,"isKey":false,"isExternalId":false,"isSfIdLookup":false,"isNullable":true,"isUnique":false,"isCreateable":false,"isUpdateable":true,"isFilterable":true,"isCalculated":false,"showLabel":false,"naturalOrder":3,"linkedFields":["LOCATION_ID"],"relatedInfos":[],"references":[]}],"sortFields":[],"groupFields":[]}]