[{"@type":"dssTask","id":"@1","name":"sync_JOBS","description":"","maxLogs":10,"sourceConnectionId":"@4rA0WNtXVIvg4PVmIN75md","targetConnectionId":"@9v8AHZo9FcMlsTS1iWfZiY","targetObject":"JOBS","targetObjectLabel":"JOBS","operation":"Insert","maxRows":0,"truncateTarget":true,"bulkApiDBTarget":false,"verbose":false,"targetMetadataUpdated":false,"modelVersion":"V3-R600","queryAll":false,"srcSettings":{"@type":"taskDataSourceSetting","isShowLabels":false,"isNaturalOrder":true},"tgtSettings":{"@type":"taskDataSourceSetting","isShowLabels":false,"isNaturalOrder":true},"cfSettings":{"@type":"taskDataSourceSetting","isShowLabels":false,"isNaturalOrder":false},"bulkApi":false,"bulkApiSerialMode":false,"bulkApiMonitor":false,"isTargetObjectSfCustom":false,"allowNullUpdates":false,"targetBatchSize":200,"assignmentRuleId":"-1","assignmentRuleType":"None","createSuccessFile":false,"bulkApiHardDelete":false,"srcRuntimeAttrs":{"@type":"taskRuntimeAttrs","attrs":{}},"tgtRuntimeAttrs":{"@type":"taskRuntimeAttrs","attrs":{}},"parameterFileEncoding":"UTF-8","serverlessProperties":{},"sourceObjects":[{"@type":"mObject","name":"JOBS","label":"JOBS","metadataUpdated":false,"relations":[],"children":[]}],"advancedFilters":[],"filters":[{"@type":"filter","objectName":"JOBS","objectLabel":"JOBS","field":"JOB_ID","fieldLabel":"JOB_ID","type":"STRING","operator":"isNotNull"}],"fieldMaps":[{"@type":"fieldMap","id":"4284753","targetField":{"@type":"field","id":15804908,"name":"JOB_ID","type":"nvarchar","uniqueName":"JOB_ID","label":"JOB_ID","parentObject":"JOBS","pcType":"UNISTRING","precision":10,"scale":0,"columnIndex":0,"isKey":false,"isExternalId":false,"isSfIdLookup":false,"isNullable":true,"isUnique":false,"isCreateable":false,"isUpdateable":true,"isFilterable":true,"isCalculated":false,"showLabel":false,"naturalOrder":0,"linkedFields":["JOB_ID"],"relatedInfos":[],"references":[]},"expression":"JOB_ID"},{"@type":"fieldMap","id":"4284754","targetField":{"@type":"field","id":15804909,"name":"JOB_TITLE","type":"nvarchar","uniqueName":"JOB_TITLE","label":"JOB_TITLE","parentObject":"JOBS","pcType":"UNISTRING","precision":35,"scale":0,"columnIndex":1,"isKey":false,"isExternalId":false,"isSfIdLookup":false,"isNullable":false,"isUnique":false,"isCreateable":false,"isUpdateable":true,"isFilterable":true,"isCalculated":false,"showLabel":false,"naturalOrder":1,"linkedFields":["JOB_TITLE"],"relatedInfos":[],"references":[]},"expression":"JOB_TITLE"},{"@type":"fieldMap","id":"4284755","targetField":{"@type":"field","id":15804910,"name":"MIN_SALARY","type":"decimal","uniqueName":"MIN_SALARY","label":"MIN_SALARY","parentObject":"JOBS","pcType":"HIPRECDECIMAL","precision":6,"scale":0,"columnIndex":2,"isKey":false,"isExternalId":false,"isSfIdLookup":false,"isNullable":true,"isUnique":false,"isCreateable":false,"isUpdateable":true,"isFilterable":true,"isCalculated":false,"showLabel":false,"naturalOrder":2,"linkedFields":["MIN_SALARY"],"relatedInfos":[],"references":[]},"expression":"MIN_SALARY"},{"@type":"fieldMap","id":"4284756","targetField":{"@type":"field","id":15804911,"name":"MAX_SALARY","type":"decimal","uniqueName":"MAX_SALARY","label":"MAX_SALARY","parentObject":"JOBS","pcType":"HIPRECDECIMAL","precision":6,"scale":0,"columnIndex":3,"isKey":false,"isExternalId":false,"isSfIdLookup":false,"isNullable":true,"isUnique":false,"isCreateable":false,"isUpdateable":true,"isFilterable":true,"isCalculated":false,"showLabel":false,"naturalOrder":3,"linkedFields":["MAX_SALARY"],"relatedInfos":[],"references":[]},"expression":"MAX_SALARY"}],"sourceFields":[{"@type":"field","id":15804912,"name":"JOB_ID","type":"nvarchar","uniqueName":"JOB_ID","label":"JOB_ID","parentObject":"JOBS","pcType":"UNISTRING","precision":10,"scale":0,"columnIndex":0,"isKey":true,"isExternalId":false,"isSfIdLookup":false,"isNullable":false,"isUnique":true,"isCreateable":false,"isUpdateable":true,"isFilterable":true,"isCalculated":false,"showLabel":false,"naturalOrder":0,"linkedFields":["JOB_ID"],"relatedInfos":[{"@type":"fieldRelatedInfo","id":1074472,"referenceObject":"EMPLOYEES","referenceField":{"@type":"field","id":15804913,"name":"JOB_ID","uniqueName":"JOB_ID","label":"JOB_ID","precision":0,"scale":0,"columnIndex":-1,"isKey":false,"isExternalId":false,"isSfIdLookup":false,"isNullable":true,"isUnique":false,"isCreateable":false,"isUpdateable":true,"isFilterable":true,"isCalculated":false,"showLabel":true,"naturalOrder":0,"linkedFields":[],"relatedInfos":[],"references":[]}},{"@type":"fieldRelatedInfo","id":1074473,"referenceObject":"JOB_HISTORY","referenceField":{"@type":"field","id":15804914,"name":"JOB_ID","uniqueName":"JOB_ID","label":"JOB_ID","precision":0,"scale":0,"columnIndex":-1,"isKey":false,"isExternalId":false,"isSfIdLookup":false,"isNullable":true,"isUnique":false,"isCreateable":false,"isUpdateable":true,"isFilterable":true,"isCalculated":false,"showLabel":true,"naturalOrder":0,"linkedFields":[],"relatedInfos":[],"references":[]}}],"references":[]},{"@type":"field","id":15804915,"name":"JOB_TITLE","type":"nvarchar","uniqueName":"JOB_TITLE","label":"JOB_TITLE","parentObject":"JOBS","pcType":"UNISTRING","precision":35,"scale":0,"columnIndex":1,"isKey":false,"isExternalId":false,"isSfIdLookup":false,"isNullable":false,"isUnique":false,"isCreateable":false,"isUpdateable":true,"isFilterable":true,"isCalculated":false,"showLabel":false,"naturalOrder":1,"linkedFields":["JOB_TITLE"],"relatedInfos":[],"references":[]},{"@type":"field","id":15804916,"name":"MIN_SALARY","type":"decimal","uniqueName":"MIN_SALARY","label":"MIN_SALARY","parentObject":"JOBS","pcType":"HIPRECDECIMAL","precision":6,"scale":0,"columnIndex":2,"isKey":false,"isExternalId":false,"isSfIdLookup":false,"isNullable":true,"isUnique":false,"isCreateable":false,"isUpdateable":true,"isFilterable":true,"isCalculated":false,"showLabel":false,"naturalOrder":2,"linkedFields":["MIN_SALARY"],"relatedInfos":[],"references":[]},{"@type":"field","id":15804917,"name":"MAX_SALARY","type":"decimal","uniqueName":"MAX_SALARY","label":"MAX_SALARY","parentObject":"JOBS","pcType":"HIPRECDECIMAL","precision":6,"scale":0,"columnIndex":3,"isKey":false,"isExternalId":false,"isSfIdLookup":false,"isNullable":true,"isUnique":false,"isCreateable":false,"isUpdateable":true,"isFilterable":true,"isCalculated":false,"showLabel":false,"naturalOrder":3,"linkedFields":["MAX_SALARY"],"relatedInfos":[],"references":[]}],"sortFields":[],"groupFields":[]}]