[{"@type":"dssTask","id":"@1","name":"sync_BQ_to_MSSQL","description":"","maxLogs":10,"sourceConnectionId":"@dgGAueye3qVbD9w6uyY7OU","targetConnectionId":"@5JUyHq2VPXtl3vgRLpvicK","targetObject":"customers","targetObjectLabel":"customers","operation":"Insert","maxRows":0,"truncateTarget":true,"bulkApiDBTarget":true,"verbose":false,"targetMetadataUpdated":false,"modelVersion":"V3-R600","queryAll":false,"srcSettings":{"@type":"taskDataSourceSetting","isShowLabels":true,"isNaturalOrder":true},"tgtSettings":{"@type":"taskDataSourceSetting","isShowLabels":false,"isNaturalOrder":true},"cfSettings":{"@type":"taskDataSourceSetting","isShowLabels":false,"isNaturalOrder":false},"bulkApi":false,"bulkApiSerialMode":false,"bulkApiMonitor":false,"isTargetObjectSfCustom":false,"allowNullUpdates":false,"targetBatchSize":200,"assignmentRuleId":"-1","assignmentRuleType":"None","createSuccessFile":false,"bulkApiHardDelete":false,"srcRuntimeAttrs":{"@type":"taskRuntimeAttrs","attrs":{"Enable Staging File Compression":"1","Source Dataset ID":"","Job Poll Interval In Seconds":"10","post SQL Configuration":"","Read Mode":"Direct","Staging File Name":"","post SQL":"","Allow Large Results":"0","Query Results Table Name":"","Source Table Name":"","pre SQL":"","Number of Rows to Read":"0","Number of Threads for Downloading Staging Files":"1","Persist Destination Table":"0","Local Stage File Directory":"","Data format of the staging file":"JSON (Newline Delimited)","pre SQL Configuration":""}},"tgtRuntimeAttrs":{"@type":"taskRuntimeAttrs","attrs":{}},"parameterFileEncoding":"UTF-8","serverlessProperties":{},"sourceObjects":[{"@type":"mObject","name":"customers","label":"customers","metadataUpdated":false,"relations":[],"children":[]}],"advancedFilters":[],"filters":[],"fieldMaps":[{"@type":"fieldMap","id":"4303099","targetField":{"@type":"field","id":15907900,"name":"id","type":"integer","uniqueName":"id","label":"id","parentObject":"customers","pcType":"INT","precision":10,"scale":0,"columnIndex":0,"isKey":false,"isExternalId":false,"isSfIdLookup":false,"isNullable":true,"isUnique":false,"isCreateable":false,"isUpdateable":true,"isFilterable":true,"isCalculated":false,"showLabel":false,"naturalOrder":0,"linkedFields":["id"],"relatedInfos":[],"references":[]},"expression":"id"},{"@type":"fieldMap","id":"4303100","targetField":{"@type":"field","id":15907901,"name":"first_name","type":"varchar","uniqueName":"first_name","label":"first_name","parentObject":"customers","pcType":"STRING","precision":100,"scale":0,"columnIndex":1,"isKey":false,"isExternalId":false,"isSfIdLookup":false,"isNullable":true,"isUnique":false,"isCreateable":false,"isUpdateable":true,"isFilterable":true,"isCalculated":false,"showLabel":false,"naturalOrder":1,"linkedFields":["first_name"],"relatedInfos":[],"references":[]},"expression":"first_name"},{"@type":"fieldMap","id":"4303101","targetField":{"@type":"field","id":15907902,"name":"last_name","type":"varchar","uniqueName":"last_name","label":"last_name","parentObject":"customers","pcType":"STRING","precision":100,"scale":0,"columnIndex":2,"isKey":false,"isExternalId":false,"isSfIdLookup":false,"isNullable":true,"isUnique":false,"isCreateable":false,"isUpdateable":true,"isFilterable":true,"isCalculated":false,"showLabel":false,"naturalOrder":2,"linkedFields":["last_name"],"relatedInfos":[],"references":[]},"expression":"last_name"},{"@type":"fieldMap","id":"4303102","targetField":{"@type":"field","id":15907903,"name":"citizen_number","type":"decimal","uniqueName":"citizen_number","label":"citizen_number","parentObject":"customers","pcType":"HIPRECDECIMAL","precision":15,"scale":0,"columnIndex":3,"isKey":false,"isExternalId":false,"isSfIdLookup":false,"isNullable":true,"isUnique":false,"isCreateable":false,"isUpdateable":true,"isFilterable":true,"isCalculated":false,"showLabel":false,"naturalOrder":3,"linkedFields":["citizen_number"],"relatedInfos":[],"references":[]},"expression":"citizen_number"},{"@type":"fieldMap","id":"4303103","targetField":{"@type":"field","id":15907904,"name":"birth_date","type":"timestamp","uniqueName":"birth_date","label":"birth_date","parentObject":"customers","pcType":"DATE","precision":23,"scale":3,"columnIndex":4,"isKey":false,"isExternalId":false,"isSfIdLookup":false,"isNullable":true,"isUnique":false,"isCreateable":false,"isUpdateable":true,"isFilterable":true,"isCalculated":false,"showLabel":false,"naturalOrder":4,"linkedFields":["birth_date"],"relatedInfos":[],"references":[]},"expression":"birth_date"},{"@type":"fieldMap","id":"4303104","targetField":{"@type":"field","id":15907905,"name":"tax_number","type":"varchar","uniqueName":"tax_number","label":"tax_number","parentObject":"customers","pcType":"STRING","precision":100,"scale":0,"columnIndex":5,"isKey":false,"isExternalId":false,"isSfIdLookup":false,"isNullable":true,"isUnique":false,"isCreateable":false,"isUpdateable":true,"isFilterable":true,"isCalculated":false,"showLabel":false,"naturalOrder":5,"linkedFields":["tax_number"],"relatedInfos":[],"references":[]},"expression":"tax_number"}],"sourceFields":[{"@type":"field","id":15908008,"name":"id","type":"integer","uniqueName":"id","label":"id","parentObject":"customers","pcType":"BIGINT","precision":19,"scale":0,"columnIndex":-1,"isKey":false,"isExternalId":false,"isSfIdLookup":false,"isNullable":false,"isUnique":false,"isCreateable":false,"isUpdateable":true,"isFilterable":true,"isCalculated":false,"javaType":"java.math.BigInteger","showLabel":true,"naturalOrder":0,"linkedFields":["id"],"relatedInfos":[],"references":[]},{"@type":"field","id":15908009,"name":"first_name","type":"string","uniqueName":"first_name","label":"first_name","parentObject":"customers","pcType":"NSTRING","precision":255,"scale":0,"columnIndex":-1,"isKey":false,"isExternalId":false,"isSfIdLookup":false,"isNullable":false,"isUnique":false,"isCreateable":false,"isUpdateable":true,"isFilterable":true,"isCalculated":false,"javaType":"java.lang.String","showLabel":true,"naturalOrder":1,"linkedFields":["first_name"],"relatedInfos":[],"references":[]},{"@type":"field","id":15908010,"name":"last_name","type":"string","uniqueName":"last_name","label":"last_name","parentObject":"customers","pcType":"NSTRING","precision":255,"scale":0,"columnIndex":-1,"isKey":false,"isExternalId":false,"isSfIdLookup":false,"isNullable":false,"isUnique":false,"isCreateable":false,"isUpdateable":true,"isFilterable":true,"isCalculated":false,"javaType":"java.lang.String","showLabel":true,"naturalOrder":2,"linkedFields":["last_name"],"relatedInfos":[],"references":[]},{"@type":"field","id":15908011,"name":"citizen_number","type":"integer","uniqueName":"citizen_number","label":"citizen_number","parentObject":"customers","pcType":"BIGINT","precision":19,"scale":0,"columnIndex":-1,"isKey":false,"isExternalId":false,"isSfIdLookup":false,"isNullable":false,"isUnique":false,"isCreateable":false,"isUpdateable":true,"isFilterable":true,"isCalculated":false,"javaType":"java.math.BigInteger","showLabel":true,"naturalOrder":3,"linkedFields":["citizen_number"],"relatedInfos":[],"references":[]},{"@type":"field","id":15908012,"name":"birth_date","type":"date","uniqueName":"birth_date","label":"birth_date","parentObject":"customers","pcType":"TOOLKIT_DATETIME","precision":29,"scale":6,"columnIndex":-1,"isKey":false,"isExternalId":false,"isSfIdLookup":false,"isNullable":true,"isUnique":false,"isCreateable":false,"isUpdateable":true,"isFilterable":true,"isCalculated":false,"javaType":"java.sql.Timestamp","showLabel":true,"naturalOrder":4,"linkedFields":["birth_date"],"relatedInfos":[],"references":[]},{"@type":"field","id":15908013,"name":"tax_number","type":"string","uniqueName":"tax_number","label":"tax_number","parentObject":"customers","pcType":"NSTRING","precision":255,"scale":0,"columnIndex":-1,"isKey":false,"isExternalId":false,"isSfIdLookup":false,"isNullable":true,"isUnique":false,"isCreateable":false,"isUpdateable":true,"isFilterable":true,"isCalculated":false,"javaType":"java.lang.String","showLabel":true,"naturalOrder":5,"linkedFields":["tax_number"],"relatedInfos":[],"references":[]}],"sortFields":[],"groupFields":[]}]