[{"@type":"mappingTemplate","id":"@1","name":"m_03_LOAD_FROM_FTP","description":"","bundleVersion":"0","templateId":"@3","deployTime":1632488207000,"hasParameters":false,"valid":true,"fixedConnection":true,"hasParametersDeployed":false,"fixedConnectionDeployed":true,"tasks":0,"mappingPreviewFileRecordId":"@2","documentType":"MAPPING","references":[{"@type":"reference","refObjectId":"@9yyCWDGx4Yrf7k8PPSuFYx","refType":"connection"},{"@type":"reference","refObjectId":"@kX0gJwb6LIpeg0dEkmeZSC","refType":"connection"}]}]