[{"@type":"mappingTemplate","id":"@1","name":"m_06_EXCEL_to_RELATIONAL","description":"","bundleVersion":"0","templateId":"@3","deployTime":1644412546000,"hasParameters":false,"valid":true,"fixedConnection":true,"hasParametersDeployed":false,"fixedConnectionDeployed":true,"tasks":0,"mappingPreviewFileRecordId":"@2","documentType":"MAPPING","references":[{"@type":"reference","refObjectId":"@2qwQZ3n5YSCg2yUNBGUCkh","refType":"connection"},{"@type":"reference","refObjectId":"@kX0gJwb6LIpeg0dEkmeZSC","refType":"connection"}]}]