[{"@type":"mappingTemplate","id":"@1","name":"m01_ORDER_SUMMARY","description":"","bundleVersion":"0","templateId":"@3","deployTime":1632990199000,"hasParameters":false,"valid":true,"fixedConnection":true,"hasParametersDeployed":false,"fixedConnectionDeployed":true,"tasks":1,"mappingPreviewFileRecordId":"@2","documentType":"MAPPING","references":[{"@type":"reference","refObjectId":"@5fBGOIp1eYCbRerScJUYsD","refType":"connection"},{"@type":"reference","refObjectId":"@3BgMwSWUkxcibfDbN0nREZ","refType":"connection"},{"@type":"reference","refObjectId":"@9NBKcr51Vujkyp6qCdFhcl","refType":"mappletTemplate"}]}]