[{"@type":"mappingTemplate","id":"@1","name":"m_05_PARSE_COMPLEX_FILES","description":"","bundleVersion":"0","templateId":"@3","deployTime":1632491405000,"hasParameters":false,"valid":true,"fixedConnection":true,"hasParametersDeployed":false,"fixedConnectionDeployed":true,"tasks":0,"mappingPreviewFileRecordId":"@2","documentType":"MAPPING","references":[{"@type":"reference","refObjectId":"@3nVDX1PPR45dV5nQZ3vIes","refType":"structureDefinition"},{"@type":"reference","refObjectId":"@kX0gJwb6LIpeg0dEkmeZSC","refType":"connection"},{"@type":"reference","refObjectId":"@4PvHP5v6OCndPCBDVBRI6f","refType":"structureDefinition"},{"@type":"reference","refObjectId":"@kBEaSxQfS8kkPuySyqOxMY","refType":"sequenceGen"}]}]