[{"@type":"fileRecord","id":"@2","name":"extension","type":"XML","size":35940,"attachTime":1632493413000},{"@type":"fileRecord","id":"@6","name":"response","type":"XSD","size":16765,"attachTime":1632493413000},{"@type":"fileRecord","id":"@3","name":"fault","type":"XSD","size":6201,"attachTime":1632493413000},{"@type":"fileRecord","id":"@4","name":"metadata","type":"JSON","size":10018,"attachTime":1632493413000},{"@type":"fileRecord","id":"@5","name":"request","type":"XSD","size":6739,"attachTime":1632493413000}]