[{"@type":"mappingTemplate","id":"@1","name":"m_04_WS_CONSUMER","description":"","bundleVersion":"0","templateId":"@3","deployTime":1632488519000,"hasParameters":false,"valid":true,"fixedConnection":true,"hasParametersDeployed":false,"fixedConnectionDeployed":true,"tasks":0,"mappingPreviewFileRecordId":"@2","documentType":"MAPPING","references":[{"@type":"reference","refObjectId":"@4DpwR3fWs82hijalhPMnIY","refType":"businessService"},{"@type":"reference","refObjectId":"@kX0gJwb6LIpeg0dEkmeZSC","refType":"connection"}]}]