[{"@type":"fileRecord","id":"@4","name":"metadata","type":"JSON","size":3634,"attachTime":1632493499000},{"@type":"fileRecord","id":"@3","name":"fault","type":"XSD","size":4563,"attachTime":1632493499000},{"@type":"fileRecord","id":"@2","name":"extension","type":"XML","size":18045,"attachTime":1632493499000},{"@type":"fileRecord","id":"@5","name":"request","type":"XSD","size":5533,"attachTime":1632493499000},{"@type":"fileRecord","id":"@6","name":"response","type":"XSD","size":5894,"attachTime":1632493499000}]