[{"@type":"dssTask","id":"@1","name":"sync_EMPLOYEES","description":"","maxLogs":10,"sourceConnectionId":"@4rA0WNtXVIvg4PVmIN75md","targetConnectionId":"@9v8AHZo9FcMlsTS1iWfZiY","targetObject":"EMPLOYEES","targetObjectLabel":"EMPLOYEES","operation":"Insert","maxRows":0,"truncateTarget":true,"bulkApiDBTarget":false,"verbose":false,"targetMetadataUpdated":false,"modelVersion":"V3-R600","queryAll":false,"srcSettings":{"@type":"taskDataSourceSetting","isShowLabels":false,"isNaturalOrder":true},"tgtSettings":{"@type":"taskDataSourceSetting","isShowLabels":false,"isNaturalOrder":true},"cfSettings":{"@type":"taskDataSourceSetting","isShowLabels":false,"isNaturalOrder":false},"bulkApi":false,"bulkApiSerialMode":false,"bulkApiMonitor":false,"isTargetObjectSfCustom":false,"allowNullUpdates":false,"targetBatchSize":200,"assignmentRuleId":"-1","assignmentRuleType":"None","createSuccessFile":false,"bulkApiHardDelete":false,"srcRuntimeAttrs":{"@type":"taskRuntimeAttrs","attrs":{}},"tgtRuntimeAttrs":{"@type":"taskRuntimeAttrs","attrs":{}},"parameterFileEncoding":"UTF-8","serverlessProperties":{},"sourceObjects":[{"@type":"mObject","name":"EMPLOYEES","label":"EMPLOYEES","metadataUpdated":false,"relations":[],"children":[]}],"advancedFilters":[],"filters":[{"@type":"filter","objectName":"EMPLOYEES","objectLabel":"EMPLOYEES","field":"EMPLOYEE_ID","fieldLabel":"EMPLOYEE_ID","type":"DOUBLE","operator":"isNotNull"}],"fieldMaps":[{"@type":"fieldMap","id":"4284742","targetField":{"@type":"field","id":15804881,"name":"EMPLOYEE_ID","type":"decimal","uniqueName":"EMPLOYEE_ID","label":"EMPLOYEE_ID","parentObject":"EMPLOYEES","pcType":"HIPRECDECIMAL","precision":6,"scale":0,"columnIndex":0,"isKey":false,"isExternalId":false,"isSfIdLookup":false,"isNullable":true,"isUnique":false,"isCreateable":false,"isUpdateable":true,"isFilterable":true,"isCalculated":false,"showLabel":false,"naturalOrder":0,"linkedFields":["EMPLOYEE_ID"],"relatedInfos":[],"references":[]},"expression":"EMPLOYEE_ID"},{"@type":"fieldMap","id":"4284743","targetField":{"@type":"field","id":15804882,"name":"FIRST_NAME","type":"nvarchar","uniqueName":"FIRST_NAME","label":"FIRST_NAME","parentObject":"EMPLOYEES","pcType":"UNISTRING","precision":20,"scale":0,"columnIndex":1,"isKey":false,"isExternalId":false,"isSfIdLookup":false,"isNullable":true,"isUnique":false,"isCreateable":false,"isUpdateable":true,"isFilterable":true,"isCalculated":false,"showLabel":false,"naturalOrder":1,"linkedFields":["FIRST_NAME"],"relatedInfos":[],"references":[]},"expression":"FIRST_NAME"},{"@type":"fieldMap","id":"4284744","targetField":{"@type":"field","id":15804883,"name":"LAST_NAME","type":"nvarchar","uniqueName":"LAST_NAME","label":"LAST_NAME","parentObject":"EMPLOYEES","pcType":"UNISTRING","precision":25,"scale":0,"columnIndex":2,"isKey":false,"isExternalId":false,"isSfIdLookup":false,"isNullable":false,"isUnique":false,"isCreateable":false,"isUpdateable":true,"isFilterable":true,"isCalculated":false,"showLabel":false,"naturalOrder":2,"linkedFields":["LAST_NAME"],"relatedInfos":[],"references":[]},"expression":"LAST_NAME"},{"@type":"fieldMap","id":"4284745","targetField":{"@type":"field","id":15804884,"name":"EMAIL","type":"nvarchar","uniqueName":"EMAIL","label":"EMAIL","parentObject":"EMPLOYEES","pcType":"UNISTRING","precision":25,"scale":0,"columnIndex":3,"isKey":false,"isExternalId":false,"isSfIdLookup":false,"isNullable":false,"isUnique":false,"isCreateable":false,"isUpdateable":true,"isFilterable":true,"isCalculated":false,"showLabel":false,"naturalOrder":3,"linkedFields":["EMAIL"],"relatedInfos":[],"references":[]},"expression":"EMAIL"},{"@type":"fieldMap","id":"4284746","targetField":{"@type":"field","id":15804885,"name":"PHONE_NUMBER","type":"nvarchar","uniqueName":"PHONE_NUMBER","label":"PHONE_NUMBER","parentObject":"EMPLOYEES","pcType":"UNISTRING","precision":20,"scale":0,"columnIndex":4,"isKey":false,"isExternalId":false,"isSfIdLookup":false,"isNullable":true,"isUnique":false,"isCreateable":false,"isUpdateable":true,"isFilterable":true,"isCalculated":false,"showLabel":false,"naturalOrder":4,"linkedFields":["PHONE_NUMBER"],"relatedInfos":[],"references":[]},"expression":"PHONE_NUMBER"},{"@type":"fieldMap","id":"4284747","targetField":{"@type":"field","id":15804886,"name":"HIRE_DATE","type":"timestamp","uniqueName":"HIRE_DATE","label":"HIRE_DATE","parentObject":"EMPLOYEES","pcType":"DATE","precision":23,"scale":3,"columnIndex":5,"isKey":false,"isExternalId":false,"isSfIdLookup":false,"isNullable":false,"isUnique":false,"isCreateable":false,"isUpdateable":true,"isFilterable":true,"isCalculated":false,"showLabel":false,"naturalOrder":5,"linkedFields":["HIRE_DATE"],"relatedInfos":[],"references":[]},"expression":"HIRE_DATE"},{"@type":"fieldMap","id":"4284748","targetField":{"@type":"field","id":15804887,"name":"JOB_ID","type":"nvarchar","uniqueName":"JOB_ID","label":"JOB_ID","parentObject":"EMPLOYEES","pcType":"UNISTRING","precision":10,"scale":0,"columnIndex":6,"isKey":false,"isExternalId":false,"isSfIdLookup":false,"isNullable":false,"isUnique":false,"isCreateable":false,"isUpdateable":true,"isFilterable":true,"isCalculated":false,"showLabel":false,"naturalOrder":6,"linkedFields":["JOB_ID"],"relatedInfos":[],"references":[]},"expression":"JOB_ID"},{"@type":"fieldMap","id":"4284749","targetField":{"@type":"field","id":15804888,"name":"SALARY","type":"decimal","uniqueName":"SALARY","label":"SALARY","parentObject":"EMPLOYEES","pcType":"HIPRECDECIMAL","precision":8,"scale":2,"columnIndex":7,"isKey":false,"isExternalId":false,"isSfIdLookup":false,"isNullable":true,"isUnique":false,"isCreateable":false,"isUpdateable":true,"isFilterable":true,"isCalculated":false,"showLabel":false,"naturalOrder":7,"linkedFields":["SALARY"],"relatedInfos":[],"references":[]},"expression":"SALARY"},{"@type":"fieldMap","id":"4284750","targetField":{"@type":"field","id":15804889,"name":"COMMISSION_PCT","type":"decimal","uniqueName":"COMMISSION_PCT","label":"COMMISSION_PCT","parentObject":"EMPLOYEES","pcType":"HIPRECDECIMAL","precision":2,"scale":2,"columnIndex":8,"isKey":false,"isExternalId":false,"isSfIdLookup":false,"isNullable":true,"isUnique":false,"isCreateable":false,"isUpdateable":true,"isFilterable":true,"isCalculated":false,"showLabel":false,"naturalOrder":8,"linkedFields":["COMMISSION_PCT"],"relatedInfos":[],"references":[]},"expression":"COMMISSION_PCT"},{"@type":"fieldMap","id":"4284751","targetField":{"@type":"field","id":15804890,"name":"MANAGER_ID","type":"decimal","uniqueName":"MANAGER_ID","label":"MANAGER_ID","parentObject":"EMPLOYEES","pcType":"HIPRECDECIMAL","precision":6,"scale":0,"columnIndex":9,"isKey":false,"isExternalId":false,"isSfIdLookup":false,"isNullable":true,"isUnique":false,"isCreateable":false,"isUpdateable":true,"isFilterable":true,"isCalculated":false,"showLabel":false,"naturalOrder":9,"linkedFields":["MANAGER_ID"],"relatedInfos":[],"references":[]},"expression":"MANAGER_ID"},{"@type":"fieldMap","id":"4284752","targetField":{"@type":"field","id":15804891,"name":"DEPARTMENT_ID","type":"decimal","uniqueName":"DEPARTMENT_ID","label":"DEPARTMENT_ID","parentObject":"EMPLOYEES","pcType":"HIPRECDECIMAL","precision":4,"scale":0,"columnIndex":10,"isKey":false,"isExternalId":false,"isSfIdLookup":false,"isNullable":true,"isUnique":false,"isCreateable":false,"isUpdateable":true,"isFilterable":true,"isCalculated":false,"showLabel":false,"naturalOrder":10,"linkedFields":["DEPARTMENT_ID"],"relatedInfos":[],"references":[]},"expression":"DEPARTMENT_ID"}],"sourceFields":[{"@type":"field","id":15804892,"name":"EMPLOYEE_ID","type":"decimal","uniqueName":"EMPLOYEE_ID","label":"EMPLOYEE_ID","parentObject":"EMPLOYEES","pcType":"HIPRECDECIMAL","precision":6,"scale":0,"columnIndex":0,"isKey":true,"isExternalId":false,"isSfIdLookup":false,"isNullable":false,"isUnique":true,"isCreateable":false,"isUpdateable":true,"isFilterable":true,"isCalculated":false,"showLabel":false,"naturalOrder":0,"linkedFields":["EMPLOYEE_ID"],"relatedInfos":[{"@type":"fieldRelatedInfo","id":1074467,"referenceObject":"DEPARTMENTS","referenceField":{"@type":"field","id":15804893,"name":"MANAGER_ID","uniqueName":"MANAGER_ID","label":"MANAGER_ID","precision":0,"scale":0,"columnIndex":-1,"isKey":false,"isExternalId":false,"isSfIdLookup":false,"isNullable":true,"isUnique":false,"isCreateable":false,"isUpdateable":true,"isFilterable":true,"isCalculated":false,"showLabel":true,"naturalOrder":0,"linkedFields":[],"relatedInfos":[],"references":[]}},{"@type":"fieldRelatedInfo","id":1074468,"referenceObject":"EMPLOYEES","referenceField":{"@type":"field","id":15804894,"name":"MANAGER_ID","uniqueName":"MANAGER_ID","label":"MANAGER_ID","precision":0,"scale":0,"columnIndex":-1,"isKey":false,"isExternalId":false,"isSfIdLookup":false,"isNullable":true,"isUnique":false,"isCreateable":false,"isUpdateable":true,"isFilterable":true,"isCalculated":false,"showLabel":true,"naturalOrder":0,"linkedFields":[],"relatedInfos":[],"references":[]}},{"@type":"fieldRelatedInfo","id":1074469,"referenceObject":"JOB_HISTORY","referenceField":{"@type":"field","id":15804895,"name":"EMPLOYEE_ID","uniqueName":"EMPLOYEE_ID","label":"EMPLOYEE_ID","precision":0,"scale":0,"columnIndex":-1,"isKey":false,"isExternalId":false,"isSfIdLookup":false,"isNullable":true,"isUnique":false,"isCreateable":false,"isUpdateable":true,"isFilterable":true,"isCalculated":false,"showLabel":true,"naturalOrder":0,"linkedFields":[],"relatedInfos":[],"references":[]}},{"@type":"fieldRelatedInfo","id":1074470,"referenceObject":"CUSTOMERS","referenceField":{"@type":"field","id":15804896,"name":"ACCOUNT_MGR_ID","uniqueName":"ACCOUNT_MGR_ID","label":"ACCOUNT_MGR_ID","precision":0,"scale":0,"columnIndex":-1,"isKey":false,"isExternalId":false,"isSfIdLookup":false,"isNullable":true,"isUnique":false,"isCreateable":false,"isUpdateable":true,"isFilterable":true,"isCalculated":false,"showLabel":true,"naturalOrder":0,"linkedFields":[],"relatedInfos":[],"references":[]}},{"@type":"fieldRelatedInfo","id":1074471,"referenceObject":"ORDERS","referenceField":{"@type":"field","id":15804897,"name":"SALES_REP_ID","uniqueName":"SALES_REP_ID","label":"SALES_REP_ID","precision":0,"scale":0,"columnIndex":-1,"isKey":false,"isExternalId":false,"isSfIdLookup":false,"isNullable":true,"isUnique":false,"isCreateable":false,"isUpdateable":true,"isFilterable":true,"isCalculated":false,"showLabel":true,"naturalOrder":0,"linkedFields":[],"relatedInfos":[],"references":[]}}],"references":[]},{"@type":"field","id":15804898,"name":"FIRST_NAME","type":"nvarchar","uniqueName":"FIRST_NAME","label":"FIRST_NAME","parentObject":"EMPLOYEES","pcType":"UNISTRING","precision":20,"scale":0,"columnIndex":1,"isKey":false,"isExternalId":false,"isSfIdLookup":false,"isNullable":true,"isUnique":false,"isCreateable":false,"isUpdateable":true,"isFilterable":true,"isCalculated":false,"showLabel":false,"naturalOrder":1,"linkedFields":["FIRST_NAME"],"relatedInfos":[],"references":[]},{"@type":"field","id":15804899,"name":"LAST_NAME","type":"nvarchar","uniqueName":"LAST_NAME","label":"LAST_NAME","parentObject":"EMPLOYEES","pcType":"UNISTRING","precision":25,"scale":0,"columnIndex":2,"isKey":false,"isExternalId":false,"isSfIdLookup":false,"isNullable":false,"isUnique":false,"isCreateable":false,"isUpdateable":true,"isFilterable":true,"isCalculated":false,"showLabel":false,"naturalOrder":2,"linkedFields":["LAST_NAME"],"relatedInfos":[],"references":[]},{"@type":"field","id":15804900,"name":"EMAIL","type":"nvarchar","uniqueName":"EMAIL","label":"EMAIL","parentObject":"EMPLOYEES","pcType":"UNISTRING","precision":25,"scale":0,"columnIndex":3,"isKey":false,"isExternalId":false,"isSfIdLookup":false,"isNullable":false,"isUnique":true,"isCreateable":false,"isUpdateable":true,"isFilterable":true,"isCalculated":false,"showLabel":false,"naturalOrder":3,"linkedFields":["EMAIL"],"relatedInfos":[],"references":[]},{"@type":"field","id":15804901,"name":"PHONE_NUMBER","type":"nvarchar","uniqueName":"PHONE_NUMBER","label":"PHONE_NUMBER","parentObject":"EMPLOYEES","pcType":"UNISTRING","precision":20,"scale":0,"columnIndex":4,"isKey":false,"isExternalId":false,"isSfIdLookup":false,"isNullable":true,"isUnique":false,"isCreateable":false,"isUpdateable":true,"isFilterable":true,"isCalculated":false,"showLabel":false,"naturalOrder":4,"linkedFields":["PHONE_NUMBER"],"relatedInfos":[],"references":[]},{"@type":"field","id":15804902,"name":"HIRE_DATE","type":"timestamp","uniqueName":"HIRE_DATE","label":"HIRE_DATE","parentObject":"EMPLOYEES","pcType":"DATE","precision":23,"scale":3,"columnIndex":5,"isKey":false,"isExternalId":false,"isSfIdLookup":false,"isNullable":false,"isUnique":false,"isCreateable":false,"isUpdateable":true,"isFilterable":true,"isCalculated":false,"showLabel":false,"naturalOrder":5,"linkedFields":["HIRE_DATE"],"relatedInfos":[],"references":[]},{"@type":"field","id":15804903,"name":"JOB_ID","type":"nvarchar","uniqueName":"JOB_ID","label":"JOB_ID","parentObject":"EMPLOYEES","pcType":"UNISTRING","precision":10,"scale":0,"columnIndex":6,"isKey":false,"isExternalId":false,"isSfIdLookup":false,"isNullable":false,"isUnique":false,"isCreateable":false,"isUpdateable":true,"isFilterable":true,"isCalculated":false,"showLabel":false,"naturalOrder":6,"linkedFields":["JOB_ID"],"relatedInfos":[],"references":[]},{"@type":"field","id":15804904,"name":"SALARY","type":"decimal","uniqueName":"SALARY","label":"SALARY","parentObject":"EMPLOYEES","pcType":"HIPRECDECIMAL","precision":8,"scale":2,"columnIndex":7,"isKey":false,"isExternalId":false,"isSfIdLookup":false,"isNullable":true,"isUnique":false,"isCreateable":false,"isUpdateable":true,"isFilterable":true,"isCalculated":false,"showLabel":false,"naturalOrder":7,"linkedFields":["SALARY"],"relatedInfos":[],"references":[]},{"@type":"field","id":15804905,"name":"COMMISSION_PCT","type":"decimal","uniqueName":"COMMISSION_PCT","label":"COMMISSION_PCT","parentObject":"EMPLOYEES","pcType":"HIPRECDECIMAL","precision":2,"scale":2,"columnIndex":8,"isKey":false,"isExternalId":false,"isSfIdLookup":false,"isNullable":true,"isUnique":false,"isCreateable":false,"isUpdateable":true,"isFilterable":true,"isCalculated":false,"showLabel":false,"naturalOrder":8,"linkedFields":["COMMISSION_PCT"],"relatedInfos":[],"references":[]},{"@type":"field","id":15804906,"name":"MANAGER_ID","type":"decimal","uniqueName":"MANAGER_ID","label":"MANAGER_ID","parentObject":"EMPLOYEES","pcType":"HIPRECDECIMAL","precision":6,"scale":0,"columnIndex":9,"isKey":false,"isExternalId":false,"isSfIdLookup":false,"isNullable":true,"isUnique":false,"isCreateable":false,"isUpdateable":true,"isFilterable":true,"isCalculated":false,"showLabel":false,"naturalOrder":9,"linkedFields":["MANAGER_ID"],"relatedInfos":[],"references":[]},{"@type":"field","id":15804907,"name":"DEPARTMENT_ID","type":"decimal","uniqueName":"DEPARTMENT_ID","label":"DEPARTMENT_ID","parentObject":"EMPLOYEES","pcType":"HIPRECDECIMAL","precision":4,"scale":0,"columnIndex":10,"isKey":false,"isExternalId":false,"isSfIdLookup":false,"isNullable":true,"isUnique":false,"isCreateable":false,"isUpdateable":true,"isFilterable":true,"isCalculated":false,"showLabel":false,"naturalOrder":10,"linkedFields":["DEPARTMENT_ID"],"relatedInfos":[],"references":[]}],"sortFields":[],"groupFields":[]}]