[{"@type":"mappingTemplate","id":"@1","name":"m02_ORDER_SUMMARY_EXCEPTIONS","description":"","bundleVersion":"0","templateId":"@3","deployTime":1632987018000,"hasParameters":false,"valid":true,"fixedConnection":true,"hasParametersDeployed":false,"fixedConnectionDeployed":true,"tasks":1,"mappingPreviewFileRecordId":"@2","documentType":"MAPPING","references":[{"@type":"reference","refObjectId":"@5fBGOIp1eYCbRerScJUYsD","refType":"connection"},{"@type":"reference","refObjectId":"@9NBKcr51Vujkyp6qCdFhcl","refType":"mappletTemplate"}]}]