[{"@type":"mappingTemplate","id":"@1","name":"m_DQ_Transformation","description":"","bundleVersion":"0","templateId":"@3","deployTime":1617100642000,"hasParameters":false,"valid":true,"fixedConnection":true,"hasParametersDeployed":false,"fixedConnectionDeployed":true,"tasks":0,"mappingPreviewFileRecordId":"@2","documentType":"","references":[{"@type":"reference","refObjectId":"@a8HR41QI5gzbnsMu3I8qEA","refType":"connection"},{"@type":"reference","refObjectId":"@3pxRqABmsPukVMReugtaOX","refType":"frsDocument"}]}]